{
  "v": "5.5.1",
  "fr": 60,
  "ip": 0,
  "op": 168,
  "w": 704,
  "h": 704,
  "nm": "Like",
  "ddd": 0,
  "assets": [],
  "layers": [
    {
      "ddd": 0,
      "ind": 1,
      "ty": 3,
      "nm": "NULL CONTROL",
      "sr": 1,
      "ks": {
        "o": {
          "a": 0,
          "k": 0,
          "ix": 11
        },
        "r": {
          "a": 0,
          "k": 0,
          "ix": 10
        },
        "p": {
          "a": 0,
          "k": [
            352,
            342.5,
            0
          ],
          "ix": 2
        },
        "a": {
          "a": 0,
          "k": [
            60,
            60,
            0
          ],
          "ix": 1
        },
        "s": {
          "a": 1,
          "k": [
            {
              "i": {
                "x": [
                  0.58,
                  0.58,
                  0.58
                ],
                "y": [
                  1,
                  1,
                  1
                ]
              },
              "o": {
                "x": [
                  0.167,
                  0.167,
                  0.167
                ],
                "y": [
                  0.167,
                  0.167,
                  0
                ]
              },
              "t": 51,
              "s": [
                100,
                100,
                100
              ]
            },
            {
              "i": {
                "x": [
                  0.58,
                  0.58,
                  0.58
                ],
                "y": [
                  1,
                  1,
                  1
                ]
              },
              "o": {
                "x": [
                  0.167,
                  0.167,
                  0.167
                ],
                "y": [
                  0.167,
                  0.167,
                  0
                ]
              },
              "t": 59,
              "s": [
                93,
                93,
                100
              ]
            },
            {
              "t": 64,
              "s": [
                100,
                100,
                100
              ]
            }
          ],
          "ix": 6
        }
      },
      "ao": 0,
      "ip": 0,
      "op": 9060,
      "st": 0,
      "bm": 0
    },
    {
      "ddd": 0,
      "ind": 2,
      "ty": 4,
      "nm": "Like - Not pressed_fill Outlines 2",
      "parent": 1,
      "td": 1,
      "sr": 1,
      "ks": {
        "o": {
          "a": 0,
          "k": 100,
          "ix": 11
        },
        "r": {
          "a": 0,
          "k": 0,
          "ix": 10
        },
        "p": {
          "a": 0,
          "k": [
            60,
            69.5,
            0
          ],
          "ix": 2
        },
        "a": {
          "a": 0,
          "k": [
            22,
            22,
            0
          ],
          "ix": 1
        },
        "s": {
          "a": 0,
          "k": [
            1600,
            1600,
            100
          ],
          "ix": 6
        }
      },
      "ao": 0,
      "shapes": [
        {
          "ty": "gr",
          "it": [
            {
              "ind": 0,
              "ty": "sh",
              "ix": 1,
              "ks": {
                "a": 0,
                "k": {
                  "i": [
                    [
                      1.013,
                      -1
                    ],
                    [
                      -2.086,
                      -2.058
                    ],
                    [
                      0,
                      0
                    ],
                    [
                      0,
                      0
                    ],
                    [
                      -0.041,
                      -0.007
                    ],
                    [
                      0,
                      0
                    ],
                    [
                      -0.016,
                      0
                    ],
                    [
                      -0.037,
                      0.035
                    ],
                    [
                      0,
                      0
                    ],
                    [
                      0,
                      0
                    ],
                    [
                      2.086,
                      2.059
                    ],
                    [
                      1.438,
                      0
                    ],
                    [
                      1.014,
                      -1
                    ],
                    [
                      0,
                      0
                    ],
                    [
                      0,
                      0
                    ],
                    [
                      0,
                      0
                    ],
                    [
                      0,
                      0
                    ],
                    [
                      1.436,
                      0
                    ]
                  ],
                  "o": [
                    [
                      -2.086,
                      2.059
                    ],
                    [
                      0,
                      0
                    ],
                    [
                      0,
                      0
                    ],
                    [
                      0.025,
                      0.025
                    ],
                    [
                      0,
                      0
                    ],
                    [
                      0.011,
                      0.003
                    ],
                    [
                      0.054,
                      0
                    ],
                    [
                      0,
                      0
                    ],
                    [
                      0,
                      0
                    ],
                    [
                      2.086,
                      -2.058
                    ],
                    [
                      -1.013,
                      -1
                    ],
                    [
                      -1.436,
                      0
                    ],
                    [
                      0,
                      0
                    ],
                    [
                      0,
                      0
                    ],
                    [
                      0,
                      0
                    ],
                    [
                      0,
                      0
                    ],
                    [
                      -1.013,
                      -1
                    ],
                    [
                      -1.437,
                      0
                    ]
                  ],
                  "v": [
                    [
                      -8.686,
                      -7.2
                    ],
                    [
                      -8.686,
                      0.264
                    ],
                    [
                      -0.146,
                      8.693
                    ],
                    [
                      -0.145,
                      8.694
                    ],
                    [
                      -0.046,
                      8.744
                    ],
                    [
                      -0.035,
                      8.746
                    ],
                    [
                      0.005,
                      8.75
                    ],
                    [
                      0.146,
                      8.694
                    ],
                    [
                      0.146,
                      8.693
                    ],
                    [
                      8.686,
                      0.264
                    ],
                    [
                      8.686,
                      -7.2
                    ],
                    [
                      4.891,
                      -8.75
                    ],
                    [
                      1.096,
                      -7.2
                    ],
                    [
                      0.527,
                      -6.638
                    ],
                    [
                      0.001,
                      -6.118
                    ],
                    [
                      -0.527,
                      -6.638
                    ],
                    [
                      -1.096,
                      -7.2
                    ],
                    [
                      -4.891,
                      -8.75
                    ]
                  ],
                  "c": true
                },
                "ix": 2
              },
              "nm": "Path 1",
              "mn": "ADBE Vector Shape - Group",
              "hd": false
            },
            {
              "ty": "fl",
              "c": {
                "a": 0,
                "k": [
                  1,
                  0.039215687662,
                  0.290196090937,
                  1
                ],
                "ix": 4
              },
              "o": {
                "a": 0,
                "k": 100,
                "ix": 5
              },
              "r": 1,
              "bm": 0,
              "nm": "Fill 1",
              "mn": "ADBE Vector Graphic - Fill",
              "hd": false
            },
            {
              "ty": "tr",
              "p": {
                "a": 0,
                "k": [
                  22,
                  22
                ],
                "ix": 2
              },
              "a": {
                "a": 0,
                "k": [
                  0,
                  0
                ],
                "ix": 1
              },
              "s": {
                "a": 0,
                "k": [
                  100,
                  100
                ],
                "ix": 3
              },
              "r": {
                "a": 0,
                "k": 0,
                "ix": 6
              },
              "o": {
                "a": 0,
                "k": 100,
                "ix": 7
              },
              "sk": {
                "a": 0,
                "k": 0,
                "ix": 4
              },
              "sa": {
                "a": 0,
                "k": 0,
                "ix": 5
              },
              "nm": "Transform"
            }
          ],
          "nm": "Group 1",
          "np": 2,
          "cix": 2,
          "bm": 0,
          "ix": 1,
          "mn": "ADBE Vector Group",
          "hd": false
        }
      ],
      "ip": 0,
      "op": 9060,
      "st": 0,
      "bm": 0
    },
    {
      "ddd": 0,
      "ind": 3,
      "ty": 4,
      "nm": "Shape Layer 1",
      "parent": 1,
      "tt": 2,
      "sr": 1,
      "ks": {
        "o": {
          "a": 1,
          "k": [
            {
              "i": {
                "x": [
                  0.58
                ],
                "y": [
                  1
                ]
              },
              "o": {
                "x": [
                  0.167
                ],
                "y": [
                  0.167
                ]
              },
              "t": 54,
              "s": [
                0
              ]
            },
            {
              "t": 55,
              "s": [
                100
              ]
            }
          ],
          "ix": 11
        },
        "r": {
          "a": 0,
          "k": 0,
          "ix": 10
        },
        "p": {
          "a": 0,
          "k": [
            60,
            50.5,
            0
          ],
          "ix": 2
        },
        "a": {
          "a": 0,
          "k": [
            0,
            0,
            0
          ],
          "ix": 1
        },
        "s": {
          "a": 1,
          "k": [
            {
              "i": {
                "x": [
                  0.58,
                  0.58,
                  0.58
                ],
                "y": [
                  1,
                  1,
                  1
                ]
              },
              "o": {
                "x": [
                  0.167,
                  0.167,
                  0.167
                ],
                "y": [
                  0.167,
                  0.167,
                  0
                ]
              },
              "t": 54,
              "s": [
                30,
                30,
                100
              ]
            },
            {
              "t": 78,
              "s": [
                79,
                79,
                100
              ]
            }
          ],
          "ix": 6
        }
      },
      "ao": 0,
      "shapes": [
        {
          "ty": "gr",
          "it": [
            {
              "d": 1,
              "ty": "el",
              "s": {
                "a": 0,
                "k": [
                  704,
                  704
                ],
                "ix": 2
              },
              "p": {
                "a": 0,
                "k": [
                  0,
                  0
                ],
                "ix": 3
              },
              "nm": "Ellipse Path 1",
              "mn": "ADBE Vector Shape - Ellipse",
              "hd": false
            },
            {
              "ty": "st",
              "c": {
                "a": 0,
                "k": [
                  1,
                  0.039215687662,
                  0.290196090937,
                  1
                ],
                "ix": 3
              },
              "o": {
                "a": 0,
                "k": 100,
                "ix": 4
              },
              "w": {
                "a": 1,
                "k": [
                  {
                    "i": {
                      "x": [
                        0.58
                      ],
                      "y": [
                        1
                      ]
                    },
                    "o": {
                      "x": [
                        0.167
                      ],
                      "y": [
                        0.167
                      ]
                    },
                    "t": 64,
                    "s": [
                      29
                    ]
                  },
                  {
                    "t": 83,
                    "s": [
                      1
                    ]
                  }
                ],
                "ix": 5
              },
              "lc": 2,
              "lj": 1,
              "ml": 1,
              "bm": 0,
              "d": [
                {
                  "n": "d",
                  "nm": "dash",
                  "v": {
                    "a": 0,
                    "k": 0,
                    "ix": 1
                  }
                },
                {
                  "n": "g",
                  "nm": "gap",
                  "v": {
                    "a": 0,
                    "k": 148,
                    "ix": 2
                  }
                },
                {
                  "n": "o",
                  "nm": "offset",
                  "v": {
                    "a": 0,
                    "k": 0,
                    "ix": 7
                  }
                }
              ],
              "nm": "Stroke 1",
              "mn": "ADBE Vector Graphic - Stroke",
              "hd": false
            },
            {
              "ty": "tr",
              "p": {
                "a": 0,
                "k": [
                  0,
                  0
                ],
                "ix": 2
              },
              "a": {
                "a": 0,
                "k": [
                  0,
                  0
                ],
                "ix": 1
              },
              "s": {
                "a": 0,
                "k": [
                  100,
                  100
                ],
                "ix": 3
              },
              "r": {
                "a": 0,
                "k": 0,
                "ix": 6
              },
              "o": {
                "a": 0,
                "k": 100,
                "ix": 7
              },
              "sk": {
                "a": 0,
                "k": 0,
                "ix": 4
              },
              "sa": {
                "a": 0,
                "k": 0,
                "ix": 5
              },
              "nm": "Transform"
            }
          ],
          "nm": "Ellipse 1",
          "np": 2,
          "cix": 2,
          "bm": 0,
          "ix": 1,
          "mn": "ADBE Vector Group",
          "hd": false
        }
      ],
      "ip": 0,
      "op": 9060,
      "st": 0,
      "bm": 0
    },
    {
      "ddd": 0,
      "ind": 4,
      "ty": 4,
      "nm": "left",
      "parent": 1,
      "sr": 1,
      "ks": {
        "o": {
          "a": 0,
          "k": 100,
          "ix": 11
        },
        "r": {
          "a": 0,
          "k": 0,
          "ix": 10
        },
        "p": {
          "a": 0,
          "k": [
            60,
            69.5,
            0
          ],
          "ix": 2
        },
        "a": {
          "a": 0,
          "k": [
            22,
            22,
            0
          ],
          "ix": 1
        },
        "s": {
          "a": 0,
          "k": [
            1600,
            1600,
            100
          ],
          "ix": 6
        }
      },
      "ao": 0,
      "shapes": [
        {
          "ty": "gr",
          "it": [
            {
              "ind": 0,
              "ty": "sh",
              "ix": 1,
              "ks": {
                "a": 0,
                "k": {
                  "i": [
                    [
                      1.013,
                      -1
                    ],
                    [
                      -2.086,
                      -2.058
                    ],
                    [
                      0,
                      0
                    ],
                    [
                      0,
                      0
                    ],
                    [
                      -0.041,
                      -0.007
                    ],
                    [
                      0,
                      0
                    ],
                    [
                      -0.016,
                      0
                    ],
                    [
                      -0.037,
                      0.035
                    ],
                    [
                      0,
                      0
                    ],
                    [
                      0,
                      0
                    ],
                    [
                      2.086,
                      2.059
                    ],
                    [
                      1.438,
                      0
                    ],
                    [
                      1.014,
                      -1
                    ],
                    [
                      0,
                      0
                    ],
                    [
                      0,
                      0
                    ],
                    [
                      0,
                      0
                    ],
                    [
                      0,
                      0
                    ],
                    [
                      1.436,
                      0
                    ]
                  ],
                  "o": [
                    [
                      -2.086,
                      2.059
                    ],
                    [
                      0,
                      0
                    ],
                    [
                      0,
                      0
                    ],
                    [
                      0.025,
                      0.025
                    ],
                    [
                      0,
                      0
                    ],
                    [
                      0.011,
                      0.003
                    ],
                    [
                      0.054,
                      0
                    ],
                    [
                      0,
                      0
                    ],
                    [
                      0,
                      0
                    ],
                    [
                      2.086,
                      -2.058
                    ],
                    [
                      -1.013,
                      -1
                    ],
                    [
                      -1.436,
                      0
                    ],
                    [
                      0,
                      0
                    ],
                    [
                      0,
                      0
                    ],
                    [
                      0,
                      0
                    ],
                    [
                      0,
                      0
                    ],
                    [
                      -1.013,
                      -1
                    ],
                    [
                      -1.437,
                      0
                    ]
                  ],
                  "v": [
                    [
                      -8.686,
                      -7.2
                    ],
                    [
                      -8.686,
                      0.264
                    ],
                    [
                      -0.146,
                      8.693
                    ],
                    [
                      -0.145,
                      8.694
                    ],
                    [
                      -0.046,
                      8.744
                    ],
                    [
                      -0.035,
                      8.746
                    ],
                    [
                      0.005,
                      8.75
                    ],
                    [
                      0.146,
                      8.694
                    ],
                    [
                      0.146,
                      8.693
                    ],
                    [
                      8.686,
                      0.264
                    ],
                    [
                      8.686,
                      -7.2
                    ],
                    [
                      4.891,
                      -8.75
                    ],
                    [
                      1.096,
                      -7.2
                    ],
                    [
                      0.527,
                      -6.638
                    ],
                    [
                      0.001,
                      -6.118
                    ],
                    [
                      -0.527,
                      -6.638
                    ],
                    [
                      -1.096,
                      -7.2
                    ],
                    [
                      -4.891,
                      -8.75
                    ]
                  ],
                  "c": true
                },
                "ix": 2
              },
              "nm": "Path 1",
              "mn": "ADBE Vector Shape - Group",
              "hd": false
            },
            {
              "ty": "tm",
              "s": {
                "a": 1,
                "k": [
                  {
                    "i": {
                      "x": [
                        0.58
                      ],
                      "y": [
                        1
                      ]
                    },
                    "o": {
                      "x": [
                        0.167
                      ],
                      "y": [
                        0.167
                      ]
                    },
                    "t": 45,
                    "s": [
                      0
                    ]
                  },
                  {
                    "t": 64,
                    "s": [
                      49
                    ]
                  }
                ],
                "ix": 1
              },
              "e": {
                "a": 0,
                "k": 0,
                "ix": 2
              },
              "o": {
                "a": 0,
                "k": -58,
                "ix": 3
              },
              "m": 1,
              "ix": 2,
              "nm": "Trim Paths 1",
              "mn": "ADBE Vector Filter - Trim",
              "hd": false
            },
            {
              "ty": "st",
              "c": {
                "a": 0,
                "k": [
                  1,
                  0.039215687662,
                  0.290196090937,
                  1
                ],
                "ix": 3
              },
              "o": {
                "a": 0,
                "k": 100,
                "ix": 4
              },
              "w": {
                "a": 0,
                "k": 1.5,
                "ix": 5
              },
              "lc": 2,
              "lj": 1,
              "ml": 4,
              "bm": 0,
              "nm": "Stroke 1",
              "mn": "ADBE Vector Graphic - Stroke",
              "hd": false
            },
            {
              "ty": "tr",
              "p": {
                "a": 0,
                "k": [
                  22,
                  22
                ],
                "ix": 2
              },
              "a": {
                "a": 0,
                "k": [
                  0,
                  0
                ],
                "ix": 1
              },
              "s": {
                "a": 0,
                "k": [
                  100,
                  100
                ],
                "ix": 3
              },
              "r": {
                "a": 0,
                "k": 0,
                "ix": 6
              },
              "o": {
                "a": 0,
                "k": 100,
                "ix": 7
              },
              "sk": {
                "a": 0,
                "k": 0,
                "ix": 4
              },
              "sa": {
                "a": 0,
                "k": 0,
                "ix": 5
              },
              "nm": "Transform"
            }
          ],
          "nm": "Group 1",
          "np": 3,
          "cix": 2,
          "bm": 0,
          "ix": 1,
          "mn": "ADBE Vector Group",
          "hd": false
        }
      ],
      "ip": 0,
      "op": 9060,
      "st": 0,
      "bm": 0
    },
    {
      "ddd": 0,
      "ind": 5,
      "ty": 4,
      "nm": "right",
      "parent": 1,
      "sr": 1,
      "ks": {
        "o": {
          "a": 0,
          "k": 100,
          "ix": 11
        },
        "r": {
          "a": 0,
          "k": 0,
          "ix": 10
        },
        "p": {
          "a": 0,
          "k": [
            60,
            69.5,
            0
          ],
          "ix": 2
        },
        "a": {
          "a": 0,
          "k": [
            22,
            22,
            0
          ],
          "ix": 1
        },
        "s": {
          "a": 0,
          "k": [
            1600,
            1600,
            100
          ],
          "ix": 6
        }
      },
      "ao": 0,
      "shapes": [
        {
          "ty": "gr",
          "it": [
            {
              "ind": 0,
              "ty": "sh",
              "ix": 1,
              "ks": {
                "a": 0,
                "k": {
                  "i": [
                    [
                      1.013,
                      -1
                    ],
                    [
                      -2.086,
                      -2.058
                    ],
                    [
                      0,
                      0
                    ],
                    [
                      0,
                      0
                    ],
                    [
                      -0.041,
                      -0.007
                    ],
                    [
                      0,
                      0
                    ],
                    [
                      -0.016,
                      0
                    ],
                    [
                      -0.037,
                      0.035
                    ],
                    [
                      0,
                      0
                    ],
                    [
                      0,
                      0
                    ],
                    [
                      2.086,
                      2.059
                    ],
                    [
                      1.438,
                      0
                    ],
                    [
                      1.014,
                      -1
                    ],
                    [
                      0,
                      0
                    ],
                    [
                      0,
                      0
                    ],
                    [
                      0,
                      0
                    ],
                    [
                      0,
                      0
                    ],
                    [
                      1.436,
                      0
                    ]
                  ],
                  "o": [
                    [
                      -2.086,
                      2.059
                    ],
                    [
                      0,
                      0
                    ],
                    [
                      0,
                      0
                    ],
                    [
                      0.025,
                      0.025
                    ],
                    [
                      0,
                      0
                    ],
                    [
                      0.011,
                      0.003
                    ],
                    [
                      0.054,
                      0
                    ],
                    [
                      0,
                      0
                    ],
                    [
                      0,
                      0
                    ],
                    [
                      2.086,
                      -2.058
                    ],
                    [
                      -1.013,
                      -1
                    ],
                    [
                      -1.436,
                      0
                    ],
                    [
                      0,
                      0
                    ],
                    [
                      0,
                      0
                    ],
                    [
                      0,
                      0
                    ],
                    [
                      0,
                      0
                    ],
                    [
                      -1.013,
                      -1
                    ],
                    [
                      -1.437,
                      0
                    ]
                  ],
                  "v": [
                    [
                      -8.686,
                      -7.2
                    ],
                    [
                      -8.686,
                      0.264
                    ],
                    [
                      -0.146,
                      8.693
                    ],
                    [
                      -0.145,
                      8.694
                    ],
                    [
                      -0.046,
                      8.744
                    ],
                    [
                      -0.035,
                      8.746
                    ],
                    [
                      0.005,
                      8.75
                    ],
                    [
                      0.146,
                      8.694
                    ],
                    [
                      0.146,
                      8.693
                    ],
                    [
                      8.686,
                      0.264
                    ],
                    [
                      8.686,
                      -7.2
                    ],
                    [
                      4.891,
                      -8.75
                    ],
                    [
                      1.096,
                      -7.2
                    ],
                    [
                      0.527,
                      -6.638
                    ],
                    [
                      0.001,
                      -6.118
                    ],
                    [
                      -0.527,
                      -6.638
                    ],
                    [
                      -1.096,
                      -7.2
                    ],
                    [
                      -4.891,
                      -8.75
                    ]
                  ],
                  "c": true
                },
                "ix": 2
              },
              "nm": "Path 1",
              "mn": "ADBE Vector Shape - Group",
              "hd": false
            },
            {
              "ty": "tm",
              "s": {
                "a": 1,
                "k": [
                  {
                    "i": {
                      "x": [
                        0.58
                      ],
                      "y": [
                        1
                      ]
                    },
                    "o": {
                      "x": [
                        0.167
                      ],
                      "y": [
                        0.167
                      ]
                    },
                    "t": 45,
                    "s": [
                      85
                    ]
                  },
                  {
                    "i": {
                      "x": [
                        0.833
                      ],
                      "y": [
                        0.833
                      ]
                    },
                    "o": {
                      "x": [
                        0.167
                      ],
                      "y": [
                        0.167
                      ]
                    },
                    "t": 64,
                    "s": [
                      34
                    ]
                  },
                  {
                    "t": 66,
                    "s": [
                      31
                    ]
                  }
                ],
                "ix": 1
              },
              "e": {
                "a": 0,
                "k": 85,
                "ix": 2
              },
              "o": {
                "a": 0,
                "k": 0,
                "ix": 3
              },
              "m": 1,
              "ix": 2,
              "nm": "Trim Paths 1",
              "mn": "ADBE Vector Filter - Trim",
              "hd": false
            },
            {
              "ty": "st",
              "c": {
                "a": 0,
                "k": [
                  1,
                  0.039215687662,
                  0.290196090937,
                  1
                ],
                "ix": 3
              },
              "o": {
                "a": 0,
                "k": 100,
                "ix": 4
              },
              "w": {
                "a": 0,
                "k": 1.5,
                "ix": 5
              },
              "lc": 2,
              "lj": 1,
              "ml": 4,
              "bm": 0,
              "nm": "Stroke 1",
              "mn": "ADBE Vector Graphic - Stroke",
              "hd": false
            },
            {
              "ty": "tr",
              "p": {
                "a": 0,
                "k": [
                  22,
                  22
                ],
                "ix": 2
              },
              "a": {
                "a": 0,
                "k": [
                  0,
                  0
                ],
                "ix": 1
              },
              "s": {
                "a": 0,
                "k": [
                  100,
                  100
                ],
                "ix": 3
              },
              "r": {
                "a": 0,
                "k": 0,
                "ix": 6
              },
              "o": {
                "a": 0,
                "k": 100,
                "ix": 7
              },
              "sk": {
                "a": 0,
                "k": 0,
                "ix": 4
              },
              "sa": {
                "a": 0,
                "k": 0,
                "ix": 5
              },
              "nm": "Transform"
            }
          ],
          "nm": "Group 1",
          "np": 3,
          "cix": 2,
          "bm": 0,
          "ix": 1,
          "mn": "ADBE Vector Group",
          "hd": false
        }
      ],
      "ip": 0,
      "op": 9060,
      "st": 0,
      "bm": 0
    },
    {
      "ddd": 0,
      "ind": 6,
      "ty": 4,
      "nm": "Like - Not pressed_fill Outlines",
      "parent": 1,
      "sr": 1,
      "ks": {
        "o": {
          "a": 0,
          "k": 100,
          "ix": 11
        },
        "r": {
          "a": 0,
          "k": 0,
          "ix": 10
        },
        "p": {
          "a": 0,
          "k": [
            60,
            69.5,
            0
          ],
          "ix": 2
        },
        "a": {
          "a": 0,
          "k": [
            22,
            22,
            0
          ],
          "ix": 1
        },
        "s": {
          "a": 1,
          "k": [
            {
              "i": {
                "x": [
                  0.58,
                  0.58,
                  0.58
                ],
                "y": [
                  1,
                  1,
                  1
                ]
              },
              "o": {
                "x": [
                  0.167,
                  0.167,
                  0.167
                ],
                "y": [
                  0.167,
                  0.167,
                  0
                ]
              },
              "t": 49,
              "s": [
                0,
                0,
                100
              ]
            },
            {
              "t": 64,
              "s": [
                1600,
                1600,
                100
              ]
            }
          ],
          "ix": 6
        }
      },
      "ao": 0,
      "shapes": [
        {
          "ty": "gr",
          "it": [
            {
              "ind": 0,
              "ty": "sh",
              "ix": 1,
              "ks": {
                "a": 0,
                "k": {
                  "i": [
                    [
                      1.013,
                      -1
                    ],
                    [
                      -2.086,
                      -2.058
                    ],
                    [
                      0,
                      0
                    ],
                    [
                      0,
                      0
                    ],
                    [
                      -0.041,
                      -0.007
                    ],
                    [
                      0,
                      0
                    ],
                    [
                      -0.016,
                      0
                    ],
                    [
                      -0.037,
                      0.035
                    ],
                    [
                      0,
                      0
                    ],
                    [
                      0,
                      0
                    ],
                    [
                      2.086,
                      2.059
                    ],
                    [
                      1.438,
                      0
                    ],
                    [
                      1.014,
                      -1
                    ],
                    [
                      0,
                      0
                    ],
                    [
                      0,
                      0
                    ],
                    [
                      0,
                      0
                    ],
                    [
                      0,
                      0
                    ],
                    [
                      1.436,
                      0
                    ]
                  ],
                  "o": [
                    [
                      -2.086,
                      2.059
                    ],
                    [
                      0,
                      0
                    ],
                    [
                      0,
                      0
                    ],
                    [
                      0.025,
                      0.025
                    ],
                    [
                      0,
                      0
                    ],
                    [
                      0.011,
                      0.003
                    ],
                    [
                      0.054,
                      0
                    ],
                    [
                      0,
                      0
                    ],
                    [
                      0,
                      0
                    ],
                    [
                      2.086,
                      -2.058
                    ],
                    [
                      -1.013,
                      -1
                    ],
                    [
                      -1.436,
                      0
                    ],
                    [
                      0,
                      0
                    ],
                    [
                      0,
                      0
                    ],
                    [
                      0,
                      0
                    ],
                    [
                      0,
                      0
                    ],
                    [
                      -1.013,
                      -1
                    ],
                    [
                      -1.437,
                      0
                    ]
                  ],
                  "v": [
                    [
                      -8.686,
                      -7.2
                    ],
                    [
                      -8.686,
                      0.264
                    ],
                    [
                      -0.146,
                      8.693
                    ],
                    [
                      -0.145,
                      8.694
                    ],
                    [
                      -0.046,
                      8.744
                    ],
                    [
                      -0.035,
                      8.746
                    ],
                    [
                      0.005,
                      8.75
                    ],
                    [
                      0.146,
                      8.694
                    ],
                    [
                      0.146,
                      8.693
                    ],
                    [
                      8.686,
                      0.264
                    ],
                    [
                      8.686,
                      -7.2
                    ],
                    [
                      4.891,
                      -8.75
                    ],
                    [
                      1.096,
                      -7.2
                    ],
                    [
                      0.527,
                      -6.638
                    ],
                    [
                      0.001,
                      -6.118
                    ],
                    [
                      -0.527,
                      -6.638
                    ],
                    [
                      -1.096,
                      -7.2
                    ],
                    [
                      -4.891,
                      -8.75
                    ]
                  ],
                  "c": true
                },
                "ix": 2
              },
              "nm": "Path 1",
              "mn": "ADBE Vector Shape - Group",
              "hd": false
            },
            {
              "ty": "fl",
              "c": {
                "a": 0,
                "k": [
                  1,
                  0.039215687662,
                  0.290196090937,
                  1
                ],
                "ix": 4
              },
              "o": {
                "a": 0,
                "k": 100,
                "ix": 5
              },
              "r": 1,
              "bm": 0,
              "nm": "Fill 1",
              "mn": "ADBE Vector Graphic - Fill",
              "hd": false
            },
            {
              "ty": "tr",
              "p": {
                "a": 0,
                "k": [
                  22,
                  22
                ],
                "ix": 2
              },
              "a": {
                "a": 0,
                "k": [
                  0,
                  0
                ],
                "ix": 1
              },
              "s": {
                "a": 0,
                "k": [
                  100,
                  100
                ],
                "ix": 3
              },
              "r": {
                "a": 0,
                "k": 0,
                "ix": 6
              },
              "o": {
                "a": 0,
                "k": 100,
                "ix": 7
              },
              "sk": {
                "a": 0,
                "k": 0,
                "ix": 4
              },
              "sa": {
                "a": 0,
                "k": 0,
                "ix": 5
              },
              "nm": "Transform"
            }
          ],
          "nm": "Group 1",
          "np": 2,
          "cix": 2,
          "bm": 0,
          "ix": 1,
          "mn": "ADBE Vector Group",
          "hd": false
        }
      ],
      "ip": 0,
      "op": 9060,
      "st": 0,
      "bm": 0
    },
    {
      "ddd": 0,
      "ind": 7,
      "ty": 4,
      "nm": "white",
      "parent": 1,
      "sr": 1,
      "ks": {
        "o": {
          "a": 0,
          "k": 100,
          "ix": 11
        },
        "r": {
          "a": 0,
          "k": 0,
          "ix": 10
        },
        "p": {
          "a": 0,
          "k": [
            60,
            69.5,
            0
          ],
          "ix": 2
        },
        "a": {
          "a": 0,
          "k": [
            22,
            22,
            0
          ],
          "ix": 1
        },
        "s": {
          "a": 0,
          "k": [
            1600,
            1600,
            100
          ],
          "ix": 6
        }
      },
      "ao": 0,
      "shapes": [
        {
          "ty": "gr",
          "it": [
            {
              "ind": 0,
              "ty": "sh",
              "ix": 1,
              "ks": {
                "a": 0,
                "k": {
                  "i": [
                    [
                      1.013,
                      -1
                    ],
                    [
                      -2.086,
                      -2.058
                    ],
                    [
                      0,
                      0
                    ],
                    [
                      0,
                      0
                    ],
                    [
                      -0.041,
                      -0.007
                    ],
                    [
                      0,
                      0
                    ],
                    [
                      -0.016,
                      0
                    ],
                    [
                      -0.037,
                      0.035
                    ],
                    [
                      0,
                      0
                    ],
                    [
                      0,
                      0
                    ],
                    [
                      2.086,
                      2.059
                    ],
                    [
                      1.438,
                      0
                    ],
                    [
                      1.014,
                      -1
                    ],
                    [
                      0,
                      0
                    ],
                    [
                      0,
                      0
                    ],
                    [
                      0,
                      0
                    ],
                    [
                      0,
                      0
                    ],
                    [
                      1.436,
                      0
                    ]
                  ],
                  "o": [
                    [
                      -2.086,
                      2.059
                    ],
                    [
                      0,
                      0
                    ],
                    [
                      0,
                      0
                    ],
                    [
                      0.025,
                      0.025
                    ],
                    [
                      0,
                      0
                    ],
                    [
                      0.011,
                      0.003
                    ],
                    [
                      0.054,
                      0
                    ],
                    [
                      0,
                      0
                    ],
                    [
                      0,
                      0
                    ],
                    [
                      2.086,
                      -2.058
                    ],
                    [
                      -1.013,
                      -1
                    ],
                    [
                      -1.436,
                      0
                    ],
                    [
                      0,
                      0
                    ],
                    [
                      0,
                      0
                    ],
                    [
                      0,
                      0
                    ],
                    [
                      0,
                      0
                    ],
                    [
                      -1.013,
                      -1
                    ],
                    [
                      -1.437,
                      0
                    ]
                  ],
                  "v": [
                    [
                      -8.686,
                      -7.2
                    ],
                    [
                      -8.686,
                      0.264
                    ],
                    [
                      -0.146,
                      8.693
                    ],
                    [
                      -0.145,
                      8.694
                    ],
                    [
                      -0.046,
                      8.744
                    ],
                    [
                      -0.035,
                      8.746
                    ],
                    [
                      0.005,
                      8.75
                    ],
                    [
                      0.146,
                      8.694
                    ],
                    [
                      0.146,
                      8.693
                    ],
                    [
                      8.686,
                      0.264
                    ],
                    [
                      8.686,
                      -7.2
                    ],
                    [
                      4.891,
                      -8.75
                    ],
                    [
                      1.096,
                      -7.2
                    ],
                    [
                      0.527,
                      -6.638
                    ],
                    [
                      0.001,
                      -6.118
                    ],
                    [
                      -0.527,
                      -6.638
                    ],
                    [
                      -1.096,
                      -7.2
                    ],
                    [
                      -4.891,
                      -8.75
                    ]
                  ],
                  "c": true
                },
                "ix": 2
              },
              "nm": "Path 1",
              "mn": "ADBE Vector Shape - Group",
              "hd": false
            },
            {
              "ty": "st",
              "c": {
                "a": 0,
                "k": [
                  1,
                  1,
                  1,
                  1
                ],
                "ix": 3
              },
              "o": {
                "a": 0,
                "k": 100,
                "ix": 4
              },
              "w": {
                "a": 0,
                "k": 1.5,
                "ix": 5
              },
              "lc": 1,
              "lj": 1,
              "ml": 4,
              "bm": 0,
              "nm": "Stroke 1",
              "mn": "ADBE Vector Graphic - Stroke",
              "hd": false
            },
            {
              "ty": "tr",
              "p": {
                "a": 0,
                "k": [
                  22,
                  22
                ],
                "ix": 2
              },
              "a": {
                "a": 0,
                "k": [
                  0,
                  0
                ],
                "ix": 1
              },
              "s": {
                "a": 0,
                "k": [
                  100,
                  100
                ],
                "ix": 3
              },
              "r": {
                "a": 0,
                "k": 0,
                "ix": 6
              },
              "o": {
                "a": 0,
                "k": 100,
                "ix": 7
              },
              "sk": {
                "a": 0,
                "k": 0,
                "ix": 4
              },
              "sa": {
                "a": 0,
                "k": 0,
                "ix": 5
              },
              "nm": "Transform"
            }
          ],
          "nm": "Group 1",
          "np": 2,
          "cix": 2,
          "bm": 0,
          "ix": 1,
          "mn": "ADBE Vector Group",
          "hd": false
        }
      ],
      "ip": 0,
      "op": 9060,
      "st": 0,
      "bm": 0
    }
  ],
  "markers": [
    {
      "tm": 45,
      "cm": "1",
      "dr": 0
    }
  ]
}